#ROM,PARENT
005
1941
1941j,1941
1942
1942a,1942
1942b,1942
1943
1943j,1943
1943kai
1943mii
1944
1944j,1944
1945kiii
19xx
19xxa,19xx
19xxh,19xx
19xxj,19xx
19xxjr1,19xx
2020bb
2020bbh,2020bb
280zzzap
3countb
3in1semi
3kokushi
3stooges
3wonders
3wonderu,3wonders
40love
47pie2
47pie2o,47pie2
4dwarrio
4enraya
4in1
4in1boot
600,turtles
64streej,64street
64street
720
720g,720
720gr1,720
720r1,720
720r2,720
720r3,720
7jigen
7toitsu,mgakuen
800fath,mariner
88games
8ball
8ball1,8ball
8ballact
8ballat2,8ballact
8bpm,8ballact
99lstwar,sonofphx
99lstwra,sonofphx
9ballsh2,coolpool
9ballsh3,coolpool
9ballsht,coolpool
a51mxr3k,area51mx
aafb
aafbb,aafb
aafbc,aafb
aafbd2p,aafb
abaseb
abaseb2,abaseb
aburner,aburner2
aburner2
ace
aceattac
acedrvrw
acitya,bwcasino
acrobatm
actfanc1,actfancr
actfancj,actfancr
actfancr
aeroboto,formatz
aerofgt
aerofgtb,aerofgt
aerofgtc,aerofgt
afighter
agallet
ainferno
airattck
airattcka,airattck
airbustj,airbustr
airbustr
airco22b
aircombj
aircombu,aircombj
airduel
airraid,cshooter
airwolf
ajax
ajaxj,ajax
akiss
akkanvdr,spcinv95
alcon,slapfigh
alexkida,alexkidd
alexkidd
alibaba
alibabab,alibaba
alien3
alienar
alienaru
alieninv,invaders
aliens
aliens2,aliens
aliensj,aliens
aliensu,aliens
aliensya,aliensyn
aliensyb,aliensyn
aliensyj,aliensyn
aliensyn
aligator
aligatun,aligator
alleymas
alphaho
alpham2
alphaona,mhavoc
alphaone,mhavoc
alphaxz,m660
alpine
alpinea,alpine
alpinerc,alpinerd
alpinerd
altbeas2,altbeast
altbeast
amatelas,amazon
amazon
ambush
ambusht,ambush
amerdart
amidar
amidaro,amidar
amidars,amidar
amidaru,amidar
amigo,amidar
amspdwy
amspdwya,amspdwy
androdun
andromed
angelkds
anteater
aodk
aof
aof2
aof3
apb
apb1,apb
apb2,apb
apb3,apb
apb4,apb
apb5,apb
apb6,apb
apbf,apb
apbg,apb
aponow,rescue
apparel
appoooh
aquajack
aquajckj,aquajack
aquarium
aquarush
arabfgt
arabiamj,arabianm
arabiamu,arabianm
arabian
arabiana,arabian
arabianm
arbalest
arcadecl
arcadia,nyny
archriv2,archrivl
archrivl
area51
area51mx
area88,unsquad
arescue
argus
arkangc,arkanoid
arkanoid
arkarea
arkatayt,arkanoid
arkatour,arkanoid
arkbl2,arkanoid
arkbl3,arkanoid
arkbloc2,arkanoid
arkblock,arkanoid
arknid2j,arknoid2
arknid2u,arknoid2
arknoid2
arknoidj,arkanoid
arknoidu,arkanoid
arknoiuo,arkanoid
arkretrn
arlingtn
armedf
armora
armorap,armora
armorar,armora
armorca2,armorcar
armorcar
armwar
armwara,armwar
armwaru,armwar
armwrest
ashnojoe
ashura
ashurau,ashura
aso
assault
assaultj,assault
assaultp,assault
astdelu1,astdelux
astdelux
asterix
asterock,asteroid
asteroi1,asteroid
asteroib,asteroid
asteroid
astinvad
astorm
astorm2p,astorm
astormbl,astorm
astrass
astrob
astrob1,astrob
astrob2,astrob
astrof
astrof2,astrof
astrof3,astrof
astrofl,transfrm
astrxeaa,asterix
astrxeac,asterix
astyanax
asuka
asurabld
asurabus
asylum
atarifb
atarifb1,atarifb
atarifb4,atarifb
ataxx
ataxxa,ataxx
ataxxj,ataxx
atehate
atetckt2,atetris
atetcktl,atetris
atetris
atetrisa,atetris
atetrisb,atetris
athena
atlantis
atlants2,atlantis
atomboy,wilytowr
atomicp
atompunk,bbmanw
aurail
auraila,aurail
av2mj1bb
av2mj2rg
avalnche
avenger2,avengers
avengers
avengrgs
avengrgsj,avengrgs
avsp
avspa,avsp
avspirit
avspj,avsp
avspu,avsp
aztarac
azurian
backfire
baddudes
badlands
bagman
bagmanmc,bagman
bagmans,bagman
bagmans2,bagman
bagnard,bagman
bakatono
bakubaku
bakubrkr
bakuhatu,mjgottsu
bakutotu
balcube
ballbomb
ballbros
balonfgt
baluba
bananadr
bandido,sheriff
bang
bangball
bangbead
bangj,bang
bankp
baraduka,baraduke
baraduke
barricad
barrier
baryon
basebal2
batcir
batcira,batcir
batcirj,batcir
batman
batman2,phoenix
batmanfr
batrider
batridra,batrider
batridrk,batrider
batsugun
battlan2,battlane
battlan3,battlane
battlane
battlcry
battleg
battlega,battleg
battlegb,battleg
battlera
battles,xevious
battlex
battlntj,battlnts
battlnts
battroad
batugnsp,batsugun
batwings,bwing
bayrouta,bayroute
bayroute
bayrtbl1,bayroute
bayrtbl2,bayroute
bbakradu,bbakraid
bbakraid
bballs
bbbuster
bbbxing
bbmanw
bbmanwj,bbmanw
bbonk
bbprot
bbros,pang
bbusters
bchopper
bcrusher,kncljoe
bcruzm12
bcstry
bcstrya,bcstry
beaminv
beastf,suprglob
beastrzb
beastrzr
beathead
beezer
beezer1,beezer
benberob
berabohm
beraboho,berabohm
berlwall
berlwalt,berlwall
bermudaa,bermudat
bermudao,bermudat
bermudat
berzerk
berzerk1,berzerk
bigbang,tdragon2
bigbucks
bigevglf
bigkarnk
bigprowr
bigrun
bigstrik
bigstrkb,bigstrik
bigtwin
bijokkog
bijokkoy
billiard,hustler
bioatack
biofreak
biomtoy
bionicc
bionicc2,bionicc
bioship
birdtry
bishi
bjourney
bjtwin
bking
bking2
bking3
bkrtmaq
bktigerb,blktiger
bladestl
bladstle,bladestl
blandia
blandiap,blandia
blasted
blaster
blastkit,blaster
blasto
blastoff
blazeon
blazer
blazstar
blckgalb,blockgal
blckout2,blockout
blckoutj,blockout
bldwolf,battlera
blitz
blitz2k
blitz99
blkbustr,mrjong
blkdrgnb,blktiger
blkdrgon,blktiger
blkhearj,blkheart
blkheart
blkhole
blkpnthr
blktiger
blmbycar
blmbycau,blmbycar
block
blocka,block
blockade
blockbl,block
blockcar
blocken
blockgal
blockhl
blockj,block
blockout
bloodbro
bloods11,bloodstm
bloods21,bloodstm
bloods22,bloodstm
bloodstm
bloodwar
bloxeed
bloxeedc,bloxeed
blsthead,blstroid
blstroi2,blstroid
blstroi3,blstroid
blstroid
blstroig,blstroid
blswhstl
bluehawk
bluehawn,bluehawk
blueprnj,blueprnt
blueprnt
blueshrk
blzntrnd
bm1stmix
bm2ndmix
bm2ndmxa,bm2ndmix
bm4thmix
bmaster
bmcompmx
bmcorerm
bmdct
bnglngby
bnj,brubber
bnzabros
boblbobl,bublbobl
bodyslam
bogeyman
boggy84
bombbee
bombjac2,bombjack
bombjack
bombrman,dynablst
bonkadv
bonzeadu,bonzeadv
bonzeadv
boogwing
boogwinga,boogwing
boomrang
bootcamp,combasc
boothill
borench
bosco
boscomd,bosco
boscomdo,bosco
boscoo,bosco
boscoo2,bosco
botanic
bottom9
bottom9n,bottom9
bouldash
bouldshj,bouldash
bounty
bowler
bowlrama
boxer
boxingb
boxyboy
bradley
brain
brapboys
brapboysj,brapboys
brdrlinb
breakers
breakrev,breakers
breywood,shackled
brickyrd,barricad
brickzn
brickzn3,brickzn
brival
brix,zzyzzyxx
brkthru
brkthruj,brkthru
brubber
brutforc
brvblade
bshark
bsharkj,bshark
bsharkjjs,bshark
bsktball
bssoccer
bstars
bstars2
btime
btime2,btime
btimem,btime
btlecity
btlfield,timesold
btlkroad
btoads
bubblem
bubblemj,bubblem
bubbles
bubblesp,bubbles
bubblesr,bubbles
bubbobr1,bublbobl
bubl2000
bublbob1,bublbobl
bublbob2
bublbobl
bublboblp,bublbobl
bublboblu,bublbobl
bublbobr,bublbobl
bublcave,bublbobl
bubsympe,bublbob2
bubsymph,bublbob2
bubsympu,bublbob2
buckrog
buckrogn,buckrog
bucky
buckyua,bucky
buggychl
buggycht,buggychl
bullfgt
bullfgtr
buraiken,avengers
burglarx
burnforc
burningf
burningh,burningf
butasan
bwcasino
bwidow
bwing
bwings,bwing
bzone
bzone2,bzone
bzonec,bzone
cabal
cabala,cabal
cabalbl,cabal
cabalus,cabal
cabalus2,cabal
cabaret
cachat
cadash
cadashf,cadash
cadashi,cadash
cadashj,cadash
cadashu,cadash
cairblad
calibr50
calipso
calspeed
cameltrj,cameltry
cameltry
camltrua,cameltry
candance,osman
cannball
cannonb
canyon
canyonp,canyon
capbowl
capbowl2,capbowl
capitol,pleiads
captaven
captavna,captaven
captavne,captaven
captavnj,captaven
captavnu,captaven
captavuu,captaven
captcomj,captcomm
captcomm
captcomu,captcomm
caractn,brubber
carjmbre
carnevil
carnival
carnvckt,carnival
carpolo
castfant
catapult
catch22,combat
cavelon
cavenger
cawing
cawingj,cawing
cawingu,cawing
cbasebal
cbdash
cbnj,cburnrub
cbtime
cburnrb2,cburnrub
cburnrub
cbuster
cbusterj,cbuster
cbusterw,cbuster
ccasino
ccastle2,ccastles
ccastle3,ccastles
ccastlej,ccastles
ccastles
ccboot,cclimber
ccboot2,cclimber
cchasm
cchasm1,cchasm
cclimber
cclimbr2
cclimbrj,cclimber
cdiscon1
centipb2,centiped
centipd2,centiped
centipdb,centiped
centiped
centtime,centiped
cerberus
cexplore
cfghtice
cflyball
cgangpzj,cgangpzl
cgangpzl
cgraplop
cgraplp2,cgraplop
chainrec
chaknpop
challeng
chameleo
champbas
champbb2
champbbj,champbas
champbja,champbas
champwr
champwrj,champwr
champwru,champwr
changes
charlien
chasehq
chasehqj,chasehq
chboxing
checkmaj,checkman
checkman
checkmat
cheekyms
cheesech
chelnov
chelnovj,chelnov
chelnovu,chelnov
cheyenne
chikij,mtwins
chiller
chimerab
chinagat
chinatwn
chinher2,chinhero
chinhero
chinmoku
chokchok
chopper
choppera,chopper
chopperb,chopper
chplft
chplftb,chplft
chplftbl,chplft
chqflag
chqflagj,chqflag
chukatai
chukataj,chukatai
chukatau,chukatai
chwrestl
chwy
circus
circusc
circusc2,circusc
circuscc,circusc
circusce,circusc
cischeat
citybmrj,citybomb
citybomb
citycon
citycona,citycon
citylove
ckong
ckonga,ckong
ckongalc,ckong
ckongjeu,ckong
ckongo,ckong
ckongs,ckong
clapapa
clapapa2,clapapa
claypign
clayshoo
clbowl,capbowl
cleopatr
cloak
cloakfr,cloak
cloakgr,cloak
cloaksp,cloak
clocknch
cloud9
clowns
clowns1,clowns
clshroad
cltchitr
club90s
club90sa,club90s
cluckypo
cluclu
cmehyou
cmissnx
cnights2,cnightst
cnightst
cninja
cninja0,cninja
cninjau,cninja
cobracmj,cobracom
cobracom
colmns97
colony7
colony7a,colony7
columns
columns2
columnsj,columns
combasc
combascb,combasc
combascj,combasc
combasct,combasc
combat
commandj,commando
commando
commandu,commando
commsega
comotion
compgolf
complexx
condor,phoenix
congo
contcirc
contcrcu,contcirc
contra
contrab,contra
contraj,contra
contrajb,contra
cookbib
cookbib2
cookrace,btime
coolpool
cop01
cop01a,cop01
copsnrob
cosmccop
cosmica
cosmica2,cosmica
cosmicg
cosmicmo,invaders
cosmo
cosmogng
cosmognj,cosmogng
cosmos
cotton
cotton2
cottona,cotton
cottonbm
cottong,locomotn
countrb2,countrun
countrnb,countrun
countrun
countryc,fitegolf
cppicf
cppicf2,cppicf
cprobowl
cprogolf
cprosocc
cptennis
cracksht
crash
crater
crazyblk,mrjong
crazycop,gbusters
crbalon2,crbaloon
crbaloon
crgolf
crgolfa,crgolf
crgolfb,crgolf
crgolfc,crgolf
crimec
crimecj,crimec
crimecu,crimec
crimfght
crimfgt2,crimfght
crimfgtj,crimfght
crkdown
croquis,logicpro
crospang
crossbow
crshrac2,crshrace
crshrace
crswd2bl
crsword
cruisin,citycon
crush
crush2,crush
crush3,crush
crusnu21,crusnusa
crusnu40,crusnusa
crusnusa
crusnw13,crusnwld
crusnw20,crusnwld
crusnwld
cryptklr
crystal2
crystalg
crzrally
csclub
cscluba,csclub
csclubh,csclub
csclubj,csclub
cscrtry
cscrtry2,cscrtry
cshift
cshooter
cshootre,cshooter
csilver
cspring1,csprint
csprins1,csprint
csprint
csprint1,csprint
csprint2,csprint
csprintf,csprint
csprintg,csprint
csprints,csprint
cstlevna
csuperas
csweetht,cdiscon1
cterrani
ctisland
ctislnd2,ctisland
ctislnd3,ctisland
ctomaday
ctornado
ctribe
ctribeb,ctribe
ctsttape
cubybop
cuebrckj,cuebrick
cuebrick
cupfinal,scfinals
cupsoc
cupsoc2,cupsoc
cupsocbl,cupsoc
curvebal
cutefght
cutieq
cworld
cworld2j
cybattlr
cyberb21,cyberbal
cyberb22,cyberbal
cyberb23,cyberbal
cyberb2p,cyberbal
cyberba2,cyberbal
cyberbal
cyberbap,cyberbal
cyberbt,cyberbal
cyberbt1,cyberbal
cyberlip
cybots
cybotsj,cybots
cybrcomm
cybrcycc
cybsled
cyclshtg
cyvern
czeroize
dadandrn
daimakai,ghouls
daioh
daireika
dairesya,ironhors
daisenpu,twinhawk
daiskiss
daitorid
daiyogen
dakkochn
danceyes
danchih
dangar
dangar2,dangar
dangarb,dangar
dangerz
dangseed
dankuga,kaiserkn
daraku
darius
darius2
darius2d,darius2
dariuse,darius
dariusg
dariusgj,dariusg
dariusgu,dariusg
dariusgx,dariusg
dariusj,darius
dariuso,darius
darkadv,devilw
darkedge
darkmist
darkplnt
darksea1,darkseal
darkseaj,darkseal
darkseal
darksel2,wizdfire
darktowr
darkwar
darwin
dassaul4,thndzone
dassault,thndzone
dazzler
dblaxle
dbldyn,dynduke
dblewing
dblplay
dbreed
dbz
dbz2
dbzvrvs
dcclub
dcon
dday
ddayc,dday
ddcrew
ddenlovr
ddonpach
ddonpchj,ddonpach
ddp3
ddp3a,ddp3
ddp3b,ddp3
ddp3blk,ddp3
ddragn2u,ddragon2
ddrago3b,ddragon3
ddragon
ddragon2
ddragon3
ddragon3j,ddragon3
ddragonb,ddragon
ddragonu,ddragon
ddragonw,ddragon
ddream95,hoops96
ddribble
ddsom
ddsoma,ddsom
ddsomj,ddsom
ddsomjr1,ddsom
ddsomr1,ddsom
ddsomu,ddsom
ddsomur1,ddsom
ddtod
ddtoda,ddtod
ddtodh,ddtod
ddtodj,ddtod
ddtodu,ddtod
ddtodur1,ddtod
ddungeon
dduxbl
deadang
deadconj,deadconx
deadconx
deadeye
dealer
deathbrd,mutantf
decathlt
defcmnd,defender
defence,defender
defender
defendg,defender
defendw,defender
defndjeu,defender
deltrace,omegrace
deluxe5
demoderb
demoderm,demoderb
demon
demoneye
demonwl1,demonwld
demonwld
denjinmk
depthch
depthv1,depthch
deroon
desertgu
desertwr
desterth,lrescue
destroyr
detatwin,blswhstl
devilfsg,devilfsh
devilfsh
devilw
devstor2,devstors
devstor3,devstors
devstors
devzone
devzone2,devzone
dfeveron
dharma
diamond
diehard
dietgo
dietgoe,dietgo
dietgoj,dietgo
dietgou,dietgo
digdug
digdug2
digdug2o,digdug2
digduga1,digdug
digdugat,digdug
digdugb,digdug
digger
dimahoo
dingo
dino
dinoj,dino
dinorex
dinorexj,dinorex
dinorexu,dinorex
dinou,dino
dirtfoxj
disco
discof,disco
diverboy
djboy
dkgenm72,hharry
dkgensan,hharry
dkngjnrb,dkongjr
dkngjnrj,dkongjr
dkong
dkong3
dkong3b,dkong3
dkong3j,dkong3
dkongjo,dkong
dkongjo1,dkong
dkongjp,dkong
dkongjr
dkongjrb,dkongjr
dkongjrj,dkongjr
dkongjrm,dkongjr
dkongo,dkong
dkongpe,dkong
dkongx,dkong
dkrdemo,dkong
dlair
dleague
dnmtdeka,diehard
doapp
docastl2,docastle
docastle
docastlo,docastle
dockman
dodgem
dogfgt
dogfgtj,dogfgt
dogfight
dogosoke,victroad
dogosokj,victroad
dogpatch
dogyuun
dokaben
dokidoki
dokyusei
dokyusp
domino
dominos
dommy
dondenmj
dondokdj,dondokod
dondokdu,dondokod
dondokod
donpachi
donpachj,donpachi
donpachk,donpachi
dorachan
dorodon
dorodon2,dorodon
dorunru2,dorunrun
dorunruc,dorunrun
dorunrun
dotriku2,dotrikun
dotrikun
dotron
dotrona,dotron
dotrone,dotron
doubledr
douni,docastle
dowild
downtowj,downtown
downtown
dplay,einnings
dragnblz
dragngun
dragoonj
dragrace
dragwld2
drakton
dreamwld
dremshpr
drgnbstr
drgninja,baddudes
drgnmst
drgnunit
drgnwrld
drgpunch
dribling
driblino,dribling
drifto94
driftout
drius2do,darius2
drivedge
driveout,driftout
drivfrcg,drivfrcp
drivfrcp
drmario
drmicro
drtoppel
drtopplj,drtoppel
drtopplu,drtoppel
dsaber
dsaberj,dsaber
dsccr94j,dsoccr94
dsoccr94
dspirit
dspirito,dspirit
dstlk
dstlka,dstlk
dstlku,dstlk
dstlkur1,dstlk
duckhunt
dumpmtmt,bodyslam
dungenmu,dungeonm
dungeonm
dunkmnia
dunkshot
dw
dwj,dw
dyger
dygera,dyger
dynablsb,dynablst
dynablst
dynagear
dynamski
dynduke
dynobop
dzigzag,digdug
eagle,mooncrst
eagle2,mooncrst
eaglshot
eaglshta,eaglshot
earthinv,invaders
earthjkr
ebases
ecofghta,ecofghtr
ecofghtr
edf
edrandy
edrandy1,edrandy
edrandyj,edrandy
eggor
eggs,scregg
eggventr
eggvntdx,eggventr
ehrgeiz
eightfrc
eightman
einnings
ejihon
elandore
elecyoy2,elecyoyo
elecyoyo
elevatob,elevator
elevator
elim2
elim2a,elim2
elim4,elim2
elvact2u,elvactr
elvactr
elvactrj,elvactr
embargo
emeralda
emerldaa,emeralda
empcity
empcityj,empcity
endurob2,enduror
endurobl,enduror
enduror
enforce
enigma2
enigma2a,enigma2
eprom
eprom2,eprom
equites
equitess,equites
esb
esckids
esckidsj,esckids
espgal
espial
espiale,espial
esprade
espradej,esprade
espradeo,esprade
eswat
eswatbl,eswat
eto
euroch92,footchmp
evilston
excitbkj,excitebk
excitebk
excthour,matmania
exctleag
exctscc2,exctsccr
exctscca,exctsccr
exctsccb,exctsccr
exctsccr
exedexes
exerion
exerionb,exerion
exeriont,exerion
exerizrb,skyfox
exodus,redufo
explorer,scramble
exprraid
extdwnhl
exterm
extrmatn
exvania
exzisus
eyes
eyes2,eyes
f1dream
f1dreamb,f1dream
f1en
f1gp
f1gp2
f1gpstar
f1gpstr2
f1lap
f1superb
fa,fghtatck
faceoff
falcon,phoenix
fantasia
fantasy
fantasyj,fantasy
fantazia,mooncrst
fantjour,gokuparo
fantland
fantsia2
fantsy95
fantzn2
fantzone
fantzono,fantzone
farwest,ironhors
fastfred,flyboy
fastlane
fatfursa,fatfursp
fatfursp
fatfury1
fatfury2
fatfury3
fax
fbfrenzy
fcombat
ffantasa,hippodrm
ffantasy,hippodrm
ffight
ffightj,ffight
ffightj1,ffight
ffightu,ffight
ffreveng
fghtatck
fghthist
fghthista,fghthist
fghthistj,fghthist
fghthistu,fghthist
fgtlayer
fhawk
fhawkj,fhawk
fhboxers
fieldday
fightfev
fightfva,fightfev
fightrol
finalap2
finalap3
finalapc,finallap
finalapd,finallap
finalb
finalbj,finalb
finalbny,vanilla
finalizb,finalizr
finalizr
finallap
finalp2j,finalap2
finalp3a,finalap3
findlove
findout
finehour
finlapjb,finallap
finlapjc,finallap
finlarch,sleague
firebarr
firebatl
fireone
fireshrk
firetpbl,firetrap
firetrap
firetrk
fitegol2,fitegolf
fitegolf
fitfight
fitter,roundup
fixeighb,fixeight
fixeight
fjbuster,shogwarr
flagrall
flashgal
flicky
flickyo,flicky
flipshot
flkatck,mx5000
flower
flstory
flstoryj,flstory
flyball
flyboy
flyboyb,flyboy
fncywld
fnkyfish
foodf
foodf2,foodf
foodfc,foodf
footchmp
forgottn
formatz
fourtrax
fpoint
fpointbj,fpoint
fpointbl,fpoint
freekckb,freekick
freekick
freeze
frenzy
friskyt
friskyta,friskyt
frogg,frogger
frogger
froggers,frogger
froggrmc,frogger
frogs
frogseg1,frogger
frogseg2,frogger
fromanc2
fromanc4
fromance
fromancr
frontlin
fround
froundl,fround
fshark
fsharkbt,fshark
fstarfrc
ftimpcta
ftsoccer
fullthrl,topspeed
funkybee
funkyjet
funnymou
funybubl
futspy
ga2
ga2j,ga2
gaia
gaialast
gaiapols
gaiden,shadoww
gakupara
gakusai
gakusai2
gal10ren
galag88b,galaga88
galag88j,galaga88
galaga
galaga3,gaplus
galaga3a,gaplus
galaga3m,gaplus
galaga88
galagamf,galaga
galagamk,galaga
galagamw,galaga
galagao,galaga
galap1,galaxian
galap4,galaxian
galapx,galaxian
galaxiaj,galaxian
galaxian
galaxyfg
galaxygn
galhustl
galivan
galivan2,galivan
galkaika
galkoku
gallag,galaga
gallop,cosmccop
galmedes
galmidw,galaxian
galmidwo,galaxian
galpandx
galpani2
galpani4
galpanib,galpanic
galpanic
galpanis
galpans2
galspnbl
galturbo,galaxian
galxwar2,galxwars
galxwars
galxwart,galxwars
gametngk
gangonta,prtytime
gangwarb,gangwars
gangwars
ganryu
gaplus
gaplusa,gaplus
gapluso,gaplus
gardia
gardiab,gardia
garou
garouo,garou
garoup,garou
garuka,devstors
garyoret
gatedom1,darkseal
gatedoom,darkseal
gatsbee,galaga
gaun22p1,gaunt2
gaun22pg,gaunt2
gaun2pg1,gauntlet
gaun2pj2,gauntlet
gaun2pr3,gauntlet
gaunt2
gaunt22p,gaunt2
gaunt2g,gaunt2
gaunt2p,gauntlet
gaunt2pg,gauntlet
gaunt2pj,gauntlet
gauntg,gauntlet
gauntgr3,gauntlet
gauntgr6,gauntlet
gauntgr8,gauntlet
gauntj,gauntlet
gauntj12,gauntlet
gauntlet
gauntr1,gauntlet
gauntr2,gauntlet
gauntr4,gauntlet
gauntr5,gauntlet
gauntr7,gauntlet
gauntr9,gauntlet
gaunts,gauntlet
gaxeduel
gberet
gberetb,gberet
gblchmp,kaiserkn
gbusters
gcpinbal
gdarius
gdarius2,gdarius
gdfs
geebee
geebeeg,geebee
gekiretu
gekirido
gemini
genix
genpeitd
gensitou,prehisle
geostorm,gunforc2
getstar
getstarb,getstar
getstarj,getstar
gfire2
gghost
ggreats2,opengolf
gground
ghostb
ghostb3,ghostb
ghostlop
ghouls
ghoulsu,ghouls
ghox
ghunter,deadang
gigandes
gigasb
gigasm2b
gigawing
gijoe
gijoej,gijoe
gijoeu,gijoe
gimeabrk
ginganin
ginkun
gionbana
gladiatr
glass
glasskr,glass
glfgreat
glfgretj,glfgreat
glprac2j,glpracr2
glprac2l,glpracr2
glpracr
glpracr2
gmahou,dimahoo
gmgalax
gmissile
gnbarich
gng
gnga,gng
gngt,gng
goal92,cupsoc
goalx3
godzilla
gogomile
gogomilj,gogomile
goindol
goindolj,goindol
goindolu,goindol
gokuparo
goldbug
goldmedb,goldmedl
goldmedl
goldnabl,goldnaxe
goldnaxa,goldnaxe
goldnaxb,goldnaxe
goldnaxc,goldnaxe
goldnaxe
goldnaxj,goldnaxe
golgo13
gollygho
gomoku
gondo
goonies
gorf
gorfpgm1,gorf
gorkans,mrtnt
gotcha
gotya,thehand
gowcaizr
gpilots
gradius,nemesis
gradius2,vulcan
gradius3
gratia
gratiaa,gratia
gravitar
gravitr2,gravitar
gravp,gravitar
grchamp
grdforce
grdians
grdius2a,vulcan
grdius2b,vulcan
grdius3a,gradius3
grdius3e,gradius3
grdnstrm
greatgun
greenber
grescue,lrescue
gridiron
gridlee
grindsta,vfive
grindstm,vfive
grndtour
grobda
grobda2,grobda
grobda3,grobda
groovef
groundfx
growl
growlu,growl
grtwall
grudge
gryzor,contra
gseeker
gseekerj,gseeker
gseekeru,gseeker
gslgr94u
gstrik2
gstriker
gsword
gteikob2,uniwars
gteikokb,uniwars
gteikoku,uniwars
gtg
gtg2
gtg2j,gtg2
gtg2t,gtg2
gtmr
gtmr2
gtmre,gtmr
gtmrusa,gtmr
guardian
guiness,strnskil
gulfstr2,gulfstrm
gulfstrm
gulfwar2
gumbo
gunbird
gunbird2
gunbirdj,gunbird
gunbirdk,gunbird
gunbulet,ptblank
gunbustr
gundamex
gundeala,gundealr
gundealr
gundealt,gundealr
gundhara
gundl94
gunfight
gunforc2
gunforce
gunforcj,gunforce
gunforcu,gunforce
gunfronj,gunfront
gunfront
gunhohki,mysticri
gunlock
gunmast
gunnail
gunsmoka,gunsmoke
gunsmoke
gunsmokj,gunsmoke
gunsmoku,gunsmoke
gururin
gussun,riskchal
gutangtn,locomotn
gutsn
guwange
guwanges,guwange
guzzler
gwar
gwara,gwar
gwarb,gwar
gwarj,gwar
gwarrior
gwingj,gigawing
gypsyjug
gyrodine
gyruss
gyrussce,gyruss
hachamf
hachamfb,hachamf
hachoo
hal21
hal21j,hal21
halleycj,halleys
halleys
halleysc,halleys
hanaawas
hanagumi
hanakanz
hanamai
hanamomo
hanaoji
hanaroku
hangly,puckman
hangly2,puckman
hangly3,puckman
hangon
hangonjr
hangzo
harddrb5,harddriv
harddrb6,harddriv
harddrc1,harddriv
harddrcb,harddriv
harddrcg,harddriv
harddrg4,harddriv
harddriv
harddrj6,harddriv
harddrv1,harddriv
harddrv2,harddriv
harddrv3,harddriv
harddrvb,harddriv
harddrvc,harddriv
harddrvg,harddriv
harddrvj,harddriv
harddunj,harddunk
harddunk
hardhat
hardhea2
hardhead
hardhedb,hardhead
hardyard
hardyd10,hardyard
hasamu
hatena
hatris
hattrick
hayaosi1
hbarrel
hbarrelw,hbarrel
hcastle
hcastlej,hcastle
hcastleo,hcastle
hcastljo,hcastle
hcrash
hcrashc,hcrash
hdrivaip,hdrivair
hdrivair
headon
headon2
headonb,headon
heartatk
heatbrl
heatbrlo,heatbrl
heatbrlu,heatbrl
heberpop
hedpanic
hedpanicf,hedpanic
hedpanico,hedpanic
heiankyo
helifira,helifire
helifire
hellfir1,hellfire
hellfire
herbiedk,huncholy
hero
herodk,hero
herodku,hero
hexa
hexion
hgkairak
hharry
hharryu,hharry
hidnctch
higemaru
hiimpact
hippodrm
hiryuken,shangkid
hishouza,fshark
histryma
hitice
hitme
hitnmis2,hitnmiss
hitnmiss
hmcompm2
hmcompmx,bmcompmx
hnayayoi
hnfubuki,hnayayoi
hnkochou,hanamai
hnoridur
hoccer
hoccer2,hoccer
hogalley
holeland
holo
homerun
homo,goindol
hook
hookj,hook
hooku,hook
hoops96
hopmappy
hopprobo
horekid
horekidb,horekid
horizon
horshoes
hotchase
hotdebut
hotdogst
hotgmck
hotgmck3
hotpinbl
hotrod
hotshock
hotsmash
hourouki
housemn2
housemnq
hpolym84,hyperspt
hpuncher,fround
hsf2a
hstenn10,hstennis
hstennis
htchctch
hthero,footchmp
hthero93,scfinals
hthero95,pwrgoal
hthro95u,pwrgoal
hunchbak
hunchbkd,hunchbak
hunchbks,hunchbak
huncholy
hustle
hustler
hustlerb,hustler
hvoltage
hvymetal
hvysmsh
hvysmsha,hvysmsh
hvysmshj,hvysmsh
hwchamp
hwrace
hydra
hydrap,hydra
hydrap2,hydra
hyhoo
hyhoo2
hyouban,galkoku
hyperpac
hyperpcb,hyperpac
hyperspt
hyprdelj,hyprduel
hyprduel
hypreac2
hypreact
hyprolyb,trackfld
hyprolym,trackfld
hypsptsp,88games
iceclimb
iceclmbj,iceclimb
iceclmrj
ichidant
ichidntb,ichidant
ichidnte,ichidant
idhimitu
idolmj
idsoccer
iemoto
iganinju
igmo
ikari
ikari3
ikari3nr,ikari3
ikarijp,ikari
ikarijpb,ikari
ikki
imago
imekura
imgfight
imsorry
imsorryj,imsorry
indyheat
indytem2,indytemp
indytem3,indytemp
indytem4,indytemp
indytemd,indytemp
indytemp
inferno
insector
insectx
intcup94,scfinals
inthunt
inthuntu,inthunt
intrepi2,intrepid
intrepid
introdon
inufuku
invad2ct
invaddlx,invadpt2
invaderl,invaders
invaders
invadpt2
invds
invho2
invinco
invrvnga,invrvnge
invrvnge
inyourfa
ipminvad
iqblock
irobot
ironclad
ironhors
irrmaze
ixion
jack
jack2,jack
jack3,jack
jackal
jackalj,jackal
jackrab2,jackrabt
jackrabs,jackrabt
jackrabt
jailbrek
jajamaru
janjans1
janshin
jchan
jcross
jdredd
jdreddb,jdredd
jdreddp
jedi
jgakuen,rvschool
jigkmgri,bonzeadv
jitsupro
jjack
jjparad2
jjparads
jjsquawk
jleague,svf
joemac,cninja
joemacr
joemacra,joemacr
jogakuen
josvolly
journey
joust
joust2
joustr,joust
joustwr,joust
joyfulr
joyjoy
joyman,puckman
jpark
jrpacman
jsk
jspecter,invaders
jspectr2,invaders
jumpbug
jumpbugb,jumpbug
jumpcoas
jumping,rainbow
jumpkids
jumpshot
jungleh,junglek
junglek
jungler
junglers,jungler
junglhbr,junglek
junglkj2,junglek
junofrst
junofstg,junofrst
jyuohki,altbeast
kabukikl
kageki
kagekij,kageki
kaguya
kaiserkj,kaiserkn
kaiserkn
kaitei
kaiteids,inthunt
kaitein,kaitei
kakumei
kakumei2
kamenrid
kamikaze,astinvad
kamikcab
kanatuen
kangaroa,kangaroo
kangarob,kangaroo
kangaroo
kaos
karatblu,karatblz
karatblz
karatedo,kchamp
karatevs,kchamp
karatour
karianx
karnov
karnovj,karnov
karnovr
kbash
kbash2
kchamp
kchampvs,kchamp
keithlcy
kengo
ket
keta,ket
ketb,ket
kick
kicka,kick
kicker
kickgoal
kicknrun
kickoff
kickridr
kidniki
kikaioh,techromn
kikcubic
kikikai
kikstart
killbld
killcom
kingbalj,kingball
kingball
kingdmgp,shippumd
kingofb
kinst
kinst2
kirameki
kirarast
kittenk
kiwame
kiwames
kizuna
klax
klax2,klax
klax3,klax
klaxd,klax
klaxj,klax
klaxp1,klax
klaxp2,klax
knckhead
knckhedj,knckhead
kncljoe
kncljoea,kncljoe
knights
knightsj,knights
knightsu,knights
knockout,triplep
kod
kodb,kod
kodj,kod
kodu,kod
kodure
kof10th,kof2002
kof2000
kof2000n,kof2000
kof2001
kof2002
kof2003d
kof94
kof95
kof95a,kof95
kof96
kof96h,kof96
kof97
kof97a,kof97
kof98
kof98n,kof98
kof99
kof99a,kof99
kof99e,kof99
kof99n,kof99
kof99p,kof99
koikois2
koinomp
konami88,88games
konamigt
kopunch
korinai
korosuke,crush
koshien
kotm
kotm2
kotmh,kotm
kouyakyu
kov
kov115,kov
kovplus,kov
kovsh,kov
kram
kram2,kram
kram3,kram
kroozr
krull
krzybowl
ktiger,twincobr
ktiger2
kuhga,vaportra
kungfub,kungfum
kungfub2,kungfum
kungfud,kungfum
kungfum
kungfut
kuniokub,renegade
kuniokun,renegade
kurikina,kurikint
kurikinj,kurikint
kurikint
kurikinu,kurikint
kyros
kyrosj,kyros
kyukaidk
kyukaido,kyukaidk
kyustrkr
labyrunk,tricktrp
labyrunr,tricktrp
ladybug
ladybugb,ladybug
ladybugg,ladybug
ladyfrog
ladygolf
ladykill
lagunar
landbrk
landmakr
landmkrp,landmakr
laser,spclaser
lasso
lastblad
lastbld2
lastblda,lastblad
lastday
lastdaya,lastday
lastduel
lastfero,lastfort
lastfort
lasthope
lastmisn
lastmsnj,lastmisn
lastmsno,lastmisn
lazercmd
lbowling
ldrun
ldrun2
ldrun3
ldrun3jp,ldrun3
ldrun4
ldruna,ldrun
le2
le2u,le2
leaguemn,nbbatman
leds2011
ledstorm,madgear
legend
legendos
legion
legionna
legionnu,legionna
legiono,legion
legofair,chopper
lemmings
lemnangl
leprechn
lethalen
lethalj
lethalth
levers
lghost
lgtnfght
liberat2,liberatr
liberatb,liberate
liberate
liberatr
liblrabl
lifefrce,salamand
lifefrcj,salamand
lightbr,dungeonm
liquidk
liquidku,liquidk
lizwiz
lkage
lkageb,lkage
lkageb2,lkage
lkageb3,lkage
llander
llander1,llander
lnc
lockload
locomotn
loderdfa,loderndf
loderndf
loffire
logger
logicpr2
logicpro
loht
lomakai
looper,changes
looping
loopinga,looping
lordofk,astyanax
losttmbh,losttomb
losttomb
lostwrld,forgottn
lotlot
lottofun
lrescue
lresort
lsasquad
lstduela,lastduel
lstduelb,lastduel
ltcasin2
ltcasino
luckywld
lunarba1,gravitar
lunarbat,gravitar
lupin3
lvgirl94
lwings
lwings2,lwings
lwingsjp,lwings
m4
m660
m660b,m660
m660j,m660
m79amb
mace
mach3
machbrkr
machomou
machridj,machridr
machridr
macross
macross2
macrossp
madalien
madcrash
maddonna
maddonnb,maddonna
madgear
madgearj,madgear
madmotor
madshark
magdrop,chainrec
magdrop2
magdrop3
magdropp,chainrec
magicbub
magix
maglord
maglordh,maglord
magmax
magspot
magspot2
magworm,centiped
mahmajn
mahmajn2
mahoudai
mahretsu
maiko
mainev2p,mainevt
mainevt
mainevto,mainevt
mainsnk
majest12,ssi
majs101b
majtitl2
majtitle
majuu,devilw
makaiden,lomakai
makaimuc,gng
makaimug,gng
makaimur,gng
maketrax,crush
maketrxb,crush
makyosen,gondo
malzak
manhatan,jailbrek
maniach
maniach2,maniach
maniacsp,maniacsq
maniacsq
manybloc
mappy
mappyj,mappy
marble
marble2,marble
marble3,marble
marble4,marble
marineb
marinedt
mariner
mario
mariojp,mario
markham
mars
maruchan
marukin
marukodq
marvins
marvland
marvlanj,marvland
masao,mario
masterw
mastkin
matchit,sichuan2
matchit2
matmania
matrim
mausuke
maxf_102,maxforce
maxforce
maxrpm
maya
mayday
maydaya,mayday
maydayb,mayday
mayhem
mayumi
maze
mazerbla
mazinger
mblkjack,hitme
mbomberj,slammast
mbombrd,slammast
mbombrdj,slammast
mbrush,crush
mcatadv
mcatadvj,mcatadv
mchampdx
mchampdxa,mchampdx
mcnpshnt
mcontest
mdhorse
mechatt
medlanes
megab
megabj,megab
megadon
megaforc,starforc
megaman
megaman2
megamn2a,megaman2
megatack
megaznik,megazone
megazone
meikyuh,ghostb
meosism
mercs
mercsj,mercs
mercsu,mercs
mercsua,mercs
mermaid
metafox
metalb
metalbj,metalb
metamrph
metamrpj,metamrph
meteor,spcforce
metlclsh
metlhawk
metmqstr
metrocra,metrocrs
metrocrs
mexico86,kicknrun
mfunclub
mgakuen
mgakuen2
mgcldate
mgcldtea,mgcldate
mgcrystj,mgcrystl
mgcrystl
mgmen89
mhavoc
mhavoc2,mhavoc
mhavocp,mhavoc
mhavocrv,mhavoc
mhgaiden
mia
mia2,mia
miaj,mia
midres
midresbj,midres
midresj,midres
midresu,midres
miexchng
mightguy
mightybj
mikie
mikiehs,mikie
mikiej,mikie
milliped
millpac,centiped
mimonkey
mimonsco,mimonkey
mimonscr,mimonkey
minasan
minefld
mineswpr
minferno
minigol2,minigolf
minigolf
minivadr
mirninja
missb2,bublbobl
missile
missile2,missile
missw96
mizubaku,liquidk
mj4simai
mjanbari
mjangels
mjcamera
mjclinic
mjderngr
mjdialq2
mjdiplob
mjegolf
mjfocus
mjfocusm,mjfocus
mjfriday
mjgottsu
mjhokite
mjifb
mjikaga
mjkinjas
mjkjidai
mjkoiura
mjkojink
mjlaman
mjleague
mjlstory
mjnanpaa,mjnanpas
mjnanpas
mjnanpau,mjnanpas
mjnatsu
mjnquesb,mjnquest
mjnquest
mjsikakb,mjsikaku
mjsikaku
mjsister
mjuraden
mjyougo
mjyuugi
mjyuugia,mjyuugi
mjzoomin
mk
mk2
mk2chal,mk2
mk2r14,mk2
mk2r21,mk2
mk2r32,mk2
mk2r42,mk2
mk2r91,mk2
mk3
mk3r10,mk3
mk3r20,mk3
mkeibaou
mkla1,mk
mkla2,mk
mkla3,mk
mkla4,mk
mkprot9,mk
mkr4,mk
mladyhtr
mmatrix
mmatrixj,mmatrix
mmaze
mmcamera,mjcamera
mmehyou
mmonkey
mmpanic
mnchmobl,joyfulr
mnight
moegonta,ladykill
mofflott
moguchan
mogura
mole
momoko
monkeyd,ckong
monsterb
montecar
monymony
moo
moobl,moo
moonal2
moonal2b,moonal2
moonaln,galaxian
moonbase,invadpt2
mooncrgx,mooncrst
mooncrs2,mooncrst
mooncrsa,mooncrst
mooncrsb,mooncrst
mooncrsg,mooncrst
mooncrst
mooncrsu,mooncrst
moonqsr
moonwalk
moonwar
moonwara,moonwar
moonwlka,moonwalk
moonwlkb,moonwalk
mooua,moo
moremorp
mosaic
mosaica,mosaic
mosyougi
motofren
motorace,travrusa
motos
mouja
mouser
mouserc,mouser
mp_gaxe2
mp_sonic
mpangj
mpatrol
mpatrolw,mpatrol
mplanets
mplanuk,mplanets
mrdo
mrdofix,mrdo
mrdot,mrdo
mrdoy,mrdo
mrdrillr
mrdrilr2
mrdu,mrdo
mrflea
mrgoemon
mrheli,bchopper
mrjong
mrkougar
mrkougb,mrkougar
mrkougr2,mrkougar
mrlo,mrdo
mrokumei
mrtnt
mrviking
mrvikngj,mrviking
mschamp,mspacman
mscoutm
msgogo
msgunda1,msgundam
msgundam
msh
msha,msh
mshb,msh
mshh,msh
mshj,msh
mshu,msh
mshuttle
mshuttlj,mshuttle
mshvsf
mshvsfa,mshvsf
mshvsfa1,mshvsf
mshvsfb,mshvsf
mshvsfb1,mshvsf
mshvsfh,mshvsf
mshvsfj,mshvsf
mshvsfj1,mshvsf
mshvsfj2,mshvsf
mshvsfu1,mshvsf
msisaac
msjiken
mslider
mslug
mslug2
mslug3
mslug3n,mslug3
mslug4
mslug5
mslugx
mspacmab,mspacman
mspacman
mspacmat,mspacman
mspacpls,mspacman
mstadium,bottom9
msword
mswordj,msword
mswordr1,msword
mswordu,msword
mt_aftrb
mt_astro
mt_bbros
mt_beast
mt_eswat
mt_fshrk
mt_gaxe
mt_gaxe2
mt_ggolf
mt_gng
mt_gsocr
mt_kcham
mt_lastb
mt_mwalk
mt_mystd
mt_parlg
mt_revsh
mt_shar2
mt_shnbi
mt_smgp
mt_sonic
mt_stbld
mt_tetri
mt_tfor2
mt_tgolf
mt_tlbba
mt_wcsoc
mtlchamp
mtlchmpj,mtlchamp
mtrap
mtrap3,mtrap
mtrap4,mtrap
mtwins
mugsmash
multchmp
multchmpk,multchmp
mustache
mustang
mustangb,mustang
mustangs,mustang
mutantf
mutantfa,mutantf
mutnat
mvp
mvsc
mvsca,mvsc
mvsch,mvsc
mvscj,mvsc
mvscjr1,mvsc
mwarr
mx5000
myangel
myangel2
myangel3
myfairld
myhero
myherok,myhero
myqbert,qbert
mysticm
mysticri
myststno,mystston
mystston
mystwarr
mystwaru,mystwarr
nam1975
nametune
naname
narc
narc3,narc
nastar
nastarw,nastar
natodef
natodefa,natodef
natsuiro,mjnatsu
naughtya,naughtyb
naughtyb
naughtyc,naughtyb
navalone
nbahangt
nbajam
nbajamex
nbajamr2,nbajam
nbajamt1,nbajam
nbajamt2,nbajam
nbajamt3,nbajam
nbajamte,nbajam
nbamaxht,nbahangt
nbbatman
ncombat
ncommand
ncv1
ncv1j,ncv1
ncv1j2,ncv1
ncv2
ncv2j,ncv2
nebulbee,galaga
nebulray
nebulryj,nebulray
neckneck
nekkyoku
nemesis
nemesuk,nemesis
nemo
nemoj,nemo
neobattl
neobombe
neocup98
neodrift
neomrdo
nettoqc
netwars
newfant
newpuc2,puckman
newpuc2b,puckman
newpuckx,puckman
news
newsin7
ngpgal
nibbler
nibblera,nibbler
nightstr
ninclown
ninjak
ninjak2a,ninjakd2
ninjak2b,ninjakd2
ninjakd2
ninjakj,ninjak
ninjakun
ninjamas
ninjaw
ninjawj,ninjaw
ninjemak
nitd
nitedrvr
nitrobal
niyanpai
nkdodgeb,spdodgeb
nmaster,metmqstr
nmouse
nmouseb,nmouse
nmsengen
noboranb
nomnlnd
nomnlndg,nomnlnd
nost
nostj,nost
nostk,nost
nouryoku
nov2001u,nova2001
nova2001
nprinces,seganinj
nprincsb,seganinj
nprincso,seganinj
nprincsu,seganinj
nrallyx
nslasher
nslasherj,nslasher
nslashers,nslasher
nspirit
nspiritj,nspirit
nss_actr
nss_adam
nss_aten
nss_con3
nss_fzer
nss_lwep
nss_ncaa
nss_rob3
nss_skin
nss_smw
nss_ssoc
nss_sten
nstocker
ntopstar
numanath
numanatj,numanath
nunchaku
nwarr
nwarrb,nwarr
nwarrh,nwarr
nyanpani,kittenk
nycaptor
nyny
nynyg,nyny
offroad
offroadc
offroadt
offtwalc,offtwall
offtwall
ogonsiro,gladiatr
ohmygod
oigas,gigasb
oisipuzl
ojanko2
ojankoc
ojankohs
ojankoy
ojousan
olds
olds103t,olds
olibochu
olysoc92,cupsoc
omega,theend
omegaf
omegafs,omegaf
omegrace
oneshot
onna34ra,onna34ro
onna34ro
opaopa
opengolf
openice
opwolf
opwolf3
opwolf3u,opwolf3
opwolfb,opwolf
orangec
orbit
orbitron
ordyne
orlegend
orlegndc,orlegend
orlegnde,orlegend
orunners
oscar
oscarj,oscar
oscarj0,oscar
oscarj1,oscar
osman
otatidai
othellos
othldrby
othunder
othundu,othunder
otonano
otwalls
outfxesj,outfxies
outfxies
outline,radarzon
outrun
outruna,outrun
outrunb,outrun
outzone
outzonea,outzone
overdriv
overtop
ozmawar2,ozmawars
ozmawars
ozon1
p47
p47aces
p47j,p47
pacapp
pacgal,mspacman
pacheart,puckman
pachiten
packbang
pacland
pacland2,pacland
pacland3,pacland
paclandm,pacland
pacman,puckman
pacmanbl,puckman
pacmania
pacmanij,pacmania
pacmod,puckman
pacnchmp,pacnpal
pacnpal
pacnpal2,pacnpal
pacplus
paddle2,arkanoid
paddlema
paintrlr,crush
pairs
pairsa,pairs
pairsten
palamed
pandoras
pang
pang3
pang3j,pang3
pangb,pang
pangpomm,pangpoms
pangpoms
panic
panic2,panic
panic3,panic
panicbom
panicger,panic
panich,panic
panicstr
paperboy
paperbr1,paperboy
paperbr2,paperboy
paradise
parodisj,parodius
parodius
pass
passht4b,passsht
passsht
passshtb,passsht
pastelgl
patimono
pbactio2,pbaction
pbaction
pballoon
pbancho
pbillian
pbillrd
pbillrds,pbillrd
pblbeach
pbobbl2j,pbobble2
pbobbl2n
pbobbl2u,pbobble2
pbobbl2x,pbobble2
pbobbl3j,pbobble3
pbobbl3u,pbobble3
pbobbl4j,pbobble4
pbobbl4u,pbobble4
pbobble
pbobble2
pbobble3
pbobble4
pbobblen
pbobblna,pbobblen
pc_1942
pc_bball
pc_bfght
pc_bstar
pc_cntra
pc_cshwk
pc_cvnia
pc_dbldr
pc_ddrgn
pc_drmro
pc_duckh
pc_ebike
pc_ftqst
pc_gntlt
pc_golf
pc_goons
pc_grdue,pc_grdus
pc_grdus
pc_hgaly
pc_kngfu
pc_mario
pc_miket
pc_mman3
pc_moglf
pc_mtoid
pc_ngai2
pc_ngai3
pc_ngaid
pc_pinbt
pc_pwbld
pc_pwrst
pc_radr2
pc_radrc
pc_rcpam
pc_rkats
pc_rnatk
pc_rrngr
pc_rygar
pc_sjetm
pc_smb
pc_smb2
pc_smb3
pc_suprc
pc_tbowl
pc_tenis
pc_tkfld
pc_tmnt
pc_tmnt2
pc_trjan
pc_vball
pc_wcup
pc_wgnmn
pc_ynoid
pcktgal
pcktgal2,pcktgal
pcktgalb,pcktgal
pclubj
pclubjv2,pclubj
pclubjv4,pclubj
pclubjv5,pclubj
peekaboo
peepshow,mjfocus
peggle
pegglet,peggle
penbros
pengo
pengo2,pengo
pengo2u,pengo
pengo3u,pengo
pengob,pengo
penta,pengo
pepper2
percuss
perestro
perfrman
perfrmau,perfrman
pestplce,mario
peterpak
pettanp
pfghtj,sgemf
pgear,armwar
pgearr1,armwar
pgoal
phantasm,avspirit
phantom2
phantoma,spectar
phelios
phoenix
phoenix3,phoenix
phoenixa,phoenix
phoenixc,phoenix
phoenixt,phoenix
photoy2k
phozon
pickin
pignewt
pignewta,pignewt
pigout
pigouta,pigout
pigskin
pinbo
pinbos,pinbo
pingpong
pipedrm
pipedrmj,pipedrm
pipibibi,pipibibs
pipibibs
piranha,puckman
piranhah,puckman
piranhao,puckman
pirates
piratpet,junglek
pisces
piscesb,pisces
pistoldm
pitfall2
pitfallu,pitfall2
pitfigh3,pitfight
pitfighb,pitfight
pitfighj,pitfight
pitfight
pitnrun
pkladiel,pkladies
pkladies
pktgaldj,pktgaldx
pktgaldx
pkunwar
pkunwarj,pkunwar
platoon
playball
plctr13b,policetr
plegends
pleiadbl,pleiads
pleiadce,pleiads
pleiads
plgirls
plgirls2
plotting
plumppop
plusalph
plygonet
pnickj
pnyaa
poitto
polaris
polarisa,polaris
polepos
polepos1,polepos
polepos2
poleposa,polepos
poleps2a,polepos2
poleps2b,polepos2
policeto,policetr
policetr
pollux
polluxa,pollux
polyplay
pompingw,pang
ponchin
ponchina,ponchin
ponpoko
ponpokov,ponpoko
poolshrk
pootan,pooyan
pooyan
pooyans,pooyan
popbounc
popeye
popeyebl,popeye
popeyef,popeye
popeyeu,popeye
popflama,popflame
popflamb,popflame
popflame
popnpop
popnpopj,popnpop
popnpopu,popnpop
popper
porky
portman,dockman
portrait
potogold,leprechn
potopoto
poundfor
poundfou,poundfor
pow
powerdrv
powerina,powerins
powerins
powj,pow
powrplay
prehisle
prehislu,prehisle
preisle2
prikura
primella,gundl94
primglex
primrag2
primraga,primrage
primrage
prmrsocj,prmrsocr
prmrsocr
prmtmfgo,trstar
prmtmfgt,trstar
profpac
progear
progearj,progear
progress
propcycl
prosoccr
prosport
prtytime
psailor1
psailor2
psoldier,ssoldier
pspikes
pspikes2
pspikesk,pspikes
pstadium
psurge
psychic5
psychos
psychosj,psychos
psyforce
ptblank
pturn
puchicar
puckman
puckmana,puckman
puckmod,puckman
puckpkmn
pulirula
pulirulj,pulirula
pulsar
pulstar
punchout
punisher
punishrj,punisher
punishru,punisher
punkshot
punksht2,punkshot
punkshtj,punkshot
pururun
pushman
puyopuy2
puyopuya,puyopuyo
puyopuyb,puyopuyo
puyopuyo
puyosun
puzlclub
puzldama
puzloopj,puzzloop
puzloopu,puzzloop
puzlstar
puzzldpr,puzzledp
puzzledp
puzzli
puzzloop
puzznic
pwheelsj,dblaxle
pwrgoal
pwrinst2
pyros,wardner
pzlbowl
pzloop2j
qad
qadj,qad
qbert
qbertjp,qbert
qbertqub
qberttst,qbert
qcrayon
qcrayon2
qgakumon
qgh
qix
qix2,qix
qixa,qix
qixb,qix
qjinsei
qmhayaku
qndream
qrouka
qsangoku
qsww
qtheater
qtono1
qtono2
qtorimon
quantum
quantum1,quantum
quantump,quantum
quarterb
quartet
quartet2,quartet
quartetj,quartet
quarth,blockhl
quartrba,quarterb
quartt2j,quartet
quester
quiz18k
quiz365
quizchq
quizchql,quizchq
quizdai2
quizdais
quizdna
quizf1
quizhq
quizhuhu
quizkof
quizmeku
quizmoon
quizpani
quiztou
quiztvqq
qwak
qzchikyu
qzkklgy2
qzkklogy
qzquest
qzshowby
r2dtank
rabbit
rabiolep
racedcb4,racedriv
racedcg4,racedriv
racedrb1,racedriv
racedrb4,racedriv
racedrc1,racedriv
racedrc2,racedriv
racedrc4,racedriv
racedrcb,racedriv
racedrcg,racedriv
racedrg1,racedriv
racedrg4,racedriv
racedriv
racedrv1,racedriv
racedrv2,racedriv
racedrv3,racedriv
racedrv4,racedriv
racedrvb,racedriv
racedrvc,racedriv
racedrvg,racedriv
racinfrc
rackemup,thehustl
racoon
radarscp
radarzn1,radarzon
radarznt,radarzon
radarzon
radm
radr
radrad
raflesia
ragnagrd
ragtime,boogwing
ragtimea,boogwing
raiden
raiden2
raidena,raiden
raidenk,raiden
raident,raiden
raiders5
raidrs5t,raiders5
raiga,stratof
raimais
rainbow
rainbowe,rainbow
rainbowo,rainbow
rallybik
rallys,spectar
rallyx
rallyxm,rallyx
rambo3
rambo3a,rambo3
rambo3ae,rambo3
rampage
rampage2,rampage
rampart
rampartj,rampart
ramprt2p,rampart
raphero
rastan
rastanu,rastan
rastanu2,rastan
rastsag2,nastar
rastsaga,rastan
raveracw
rayforce,gunlock
rayforcj,gunlock
raystorm
razmataz
rbff1
rbff2
rbff2a,rbff2
rbffspec
rbibb
rbibba,rbibb
rbtapper,tapper
rckman2j,megaman2
rdaction,ninjakd2
reactor
realbrk
recordbr
redalert
redbaron
redclash
redclask,redclash
redhawk,stagger1
redlin2p
redrobin
redufo
regulus
reguluso,regulus
regulusu,regulus
reikaids
relief
relief2,relief
renaiclb
renegade
repulse,sonofphx
rescraid
rescrdsa,rescraid
rescue
retofin1,retofinv
retofin2,retofinv
retofinv
revx
rezon
rf2,konamigt
ribbit
ridefgtj,ridingf
ridefgtu,ridingf
ridger2j
ridgeraj
ridhero
ridheroh,ridhero
ridingf
ridleofp
rimrck12,rimrockn
rimrck16,rimrockn
rimrck20,rimrockn
rimrockn
ringdest
ringfgt,vsgongf
ringfgt2,vsgongf
ringkin2,kingofb
ringkin3,kingofb
ringking,kingofb
ringohja,mainevt
ringrage
ringragj,ringrage
ringragu,ringrage
riot
riotcity
ripcord
ripoff
riskchal
rjammer
rmhaihai
rmhaihib,rmhaihai
rmhaijin
rmhaisei
rmpgwt
rmpgwt11,rmpgwt
roadblc1,roadblst
roadblcg,roadblst
roadblg1,roadblst
roadblg2,roadblst
roadbls1,roadblst
roadbls2,roadblst
roadbls3,roadblst
roadblsc,roadblst
roadblsg,roadblst
roadblst
roadf
roadf2,roadf
roadriot
roadrun1,roadrunn
roadrun2,roadrunn
roadrunn
robby
roboarmy
robocop
robocop2
robocopb,robocop
robocopj,robocop
robocopu,robocop
robocopw,robocop
robocp2j,robocop2
robocp2u,robocop2
robocpu0,robocop
robokid
robokidj,robokid
robotbwl
robotron
robotryo,robotron
rockclim
rockmanj,megaman
rockn
rockn2
rockn3
rockn4
rockna,rockn
rockrage
rockragj,rockrage
rocnrope
rocnropk,rocnrope
rodland
rodlandj,rodland
rodlndjb,rodland
rohga
rohgah,rohga
rohgau,rohga
roishtar
rolcrush
roldfrga,roldfrog
roldfrog
rollace,fightrol
rollace2,fightrol
rollerg
rollergj,rollerg
rollingc
rompers
romperso,rompers
rongrong
rotaryf
rotd
rougien
roundup
route16
route16a,route16
route16b,route16
routex,route16
royalmah
rpatrolb
rpunch,rabiolep
rranger
rrreveng
rrrevenp,rrreveng
rsgun
rshark
rthun2
rthun2j,rthun2
rthunder
rthundro,rthunder
rtype
rtype2
rtype2j,rtype2
rtypelej,rtypeleo
rtypeleo
rtypepj,rtype
rtypeu,rtype
rugrats,wiping
runark,growl
runaway
rundeep,thedeep
rungun
rungun2
rungunu,rungun
rushatck,gberet
rushcrsh,srumbler
rushhero
rvschool
rygar
rygar2,rygar
rygarj,rygar
ryorioh
ryouran
ryujin
ryukendn,shadoww
ryukyu
s1945
s1945ii
s1945iii
s1945j,s1945
s1945jn,s1945
s1945p
sabotenb
sabotnba,sabotenb
sadari
safari
safarir
sailormn
sailormo,sailormn
sailorwr,sailorws
sailorws
saiyugb1,chinagat
saiyugb2,chinagat
saiyugou,chinagat
salamand
salamanj,salamand
salmndr2
samesam2,fireshrk
samesame,fireshrk
samsh5sp
samsho
samsho2
samsho3
samsho4
samsho5
samurai
samuraia
sandor
sandscrp
sarge
sarukani,vblokbrk
sassisu
sasuke
satansat
saturn
sauro
savagere
savgbees,exedexes
sbagman
sbagmans,sbagman
sbasebal
sbasketb
sbasketo,sbasketb
sbasketu,sbasketb
sbbros,spang
sbdk,superbik
sbishi
sbishik,sbishi
sbm
sboblbob,bublbobl
sbomberb
sbowling
sbrkout
sbugger
scandal
scandalm,scandal
scfinals
schaser
schasrcv,schaser
sci
scia,sci
scion
scionc,scion
sciu,sci
scobra
scobrab,scobra
scobras,scobra
scobrase,scobra
scontra
scontraj,scontra
scorpnmc
scramblb,scramble
scramble
scrambls,scramble
scregg
screwloo
scross
sctionza,sectionz
scudhamm
sdfight
sdgndmps
sdgndmrb
sdi
sdioj,sdi
sdodgeb
sdtennis
sdungeon
seabass
searchar
seawolf
seawolf2
secolove
secretab,slyspy
secretag,slyspy
sectionz
sectrzon,seicross
seganinj
seganinu,seganinj
seicross
seiha
seiham,seiha
selfeena
sengekij,sengekis
sengekis
sengokh,sengoku
sengokmj
sengoku
sengoku2
sengoku3
senjyo
senknow
sentetst
sercharu,searchar
sexyparo
sf1
sf1jp,sf1
sf1p,sf1
sf1us,sf1
sf2
sf2accp2,sf2ce
sf2ce
sf2cej,sf2ce
sf2ceua,sf2ce
sf2ceub,sf2ce
sf2ceuc,sf2ce
sf2eb,sf2
sf2j,sf2
sf2ja,sf2
sf2jc,sf2
sf2koryu,sf2ce
sf2m1,sf2ce
sf2m2,sf2ce
sf2m3,sf2ce
sf2m4,sf2ce
sf2m5,sf2ce
sf2m6,sf2ce
sf2m7,sf2ce
sf2rb,sf2ce
sf2rb2,sf2ce
sf2red,sf2ce
sf2t,sf2ce
sf2tj,sf2ce
sf2ua,sf2
sf2ub,sf2
sf2ud,sf2
sf2ue,sf2
sf2uf,sf2
sf2ui,sf2
sf2uk,sf2
sf2v004,sf2ce
sf2yyc,sf2ce
sfa
sfa2
sfa3
sfa3r1,sfa3
sfar1,sfa
sfar2,sfa
sfau,sfa
sfchamp
sfeverbw,spacefev
sfex
sfex2
sfex2p,sfex2
sfexj,sfex
sfexp
sfexpj,sfexp
sfish2
sfish2j,sfish2
sflush
sfootbal
sformula,tail2nos
sfposeid
sfrush
sftm
sftm110,sftm
sftm111,sftm
sftmj,sftm
sfx
sfz2a,sfa2
sfz2aa,sfa2
sfz2ab,sfa2
sfz2ah,sfa2
sfz2aj,sfa2
sfz2b,sfa2
sfz2br1,sfa2
sfz2j,sfa2
sfz3a,sfa3
sfz3j,sfa3
sfz3jr1,sfa3
sfzb,sfa
sfzh,sfa
sfzj,sfa
sfzjr1,sfa
sfzjr2,sfa
sg2j
sgemf
sgemfa,sgemf
sgemfh,sgemf
sgladiat
sgmast
sgunner
sgunner2
sgunnr2j,sgunner2
shackled
shadfrce
shadowld
shadoww
shadowwa,shadoww
shangha2
shangha3
shanghai
shangkid
shangon
shangonb,shangon
shanhigw
shaolins,kicker
sharkatt
sharrier
shdancbl,shdancer
shdancer
shdancrb,shdancer
shdancrj,shdancer
sheriff
shienryu
shimpacp,shimpact
shimpact
shinobi
shinobia,shinobi
shinobib,shinobi
shinobl,shinobi
shippumd
shiryu2,strider2
shisen,sichuan2
shisen2,matchit2
shocking
shocktr2
shocktra,shocktro
shocktro
shogwarr
shollow
shollow2,shollow
shootbul
shootgal
shootoub,shootout
shootouj,shootout
shootout
shougi
shougi2,shougi
showdown
shrike
shtngmst
shtrider
shuffle
shufshot
shuuz
shuuz2,shuuz
sia2650
sichuan2
sichuana,sichuan2
sicv,invaders
sidearjp,sidearms
sidearmr,sidearms
sidearms
sidepckt
sidepctb,sidepckt
sidepctj,sidepckt
sidetrac
silentd
silentdj,silentd
silkroad
silkworm
silkwrm2,silkworm
silvland,rpatrolb
simps2pa,simpsons
simps2pj,simpsons
simpsn2p,simpsons
simpsons
sindbadm
sinista1,sinistar
sinista2,sinistar
sinistar
sinvasn,commando
sinvasnb,commando
sinvemag,invaders
sinvzen,invaders
sisv,invaders
sisv2,invaders
sitv,invaders
skingam2,majtitl2
skingame,majtitl2
skullfng
skullfngj,skullfng
skullxb1,skullxbo
skullxb2,skullxbo
skullxb3,skullxbo
skullxb4,skullxbo
skullxbo
skyadvnj,skyadvnt
skyadvnt
skyadvnu,skyadvnt
skyalert
skyarmy
skybase
skybump
skychut
skydiver
skyfox
skykid
skykidd,skykid
skykiddo,skykiddx
skykiddx
skykido,skykid
skylancr
skyraid
skyraidr,uniwars
skyshark,fshark
skyskipr
skysmash
skysoldr
skywolf,airwolf
skywolf2,airwolf
slamdnk2,rungun2
slammast
slammasu,slammast
slapbtjp,slapfigh
slapbtuk,slapfigh
slapfigh
slapshot
sleague
sliksh17,slikshot
slikshot
slipstrm
slither
slithera,slither
slmdunkj,rungun
slyspy
slyspy2,slyspy
smashtv
smashtv4,smashtv
smashtv5,smashtv
smashtv6,smashtv
smbomb,ringdest
smbombr1,ringdest
smgolf
smgolfb,smgolf
smgolfj,smgolf
smooncrs,mooncrst
snakepit
snakjack
snapjack
sncwgltd
sngkace,samuraia
snowbalt,snowboar
snowboar
snowbro2
snowbroa,snowbros
snowbrob,snowbros
snowbroj,snowbros
snowbros
socbrawl
soccer
soccerss
sokonuke
sokyugrt
solarfox
solarq
solarwar,xsleena
soldamj
soldivid
solfight,ozmawars
solfigtr
solomon
solvalou
sonic
sonicbom
sonicp,sonic
sonicwi,aerofgt
sonicwi2
sonicwi3
sonofphx
sonson
sonsonj,sonson
sos
sotsugyo
soukobdx,boxyboy
soulclbr
souledga,souledge
souledgb,souledge
souledge
spacbatt,uniwars
spacbeam
spacduel
spaceat2,invaders
spaceatt,invaders
spacebrd,spacefb
spacecho,speakres
spacecr
spacedem,spacefb
spacedx
spacedxj,spacedx
spacedxo,spacedx
spacefb
spacefbb,spacefb
spacefbg,spacefb
spacefev
spacefrt
spacegun
spaceint
spaceod
spaceph,ozmawars
spaceplt,timeplt
spaceskr
spacetrk
spacewar
spacewr3,invaders
spacezap
spacfura,spacfury
spacfury
spang
sparkman
sparkz
spartanx,kungfum
spatter
spbactn
spbactnj,spbactn
spceking,invaders
spcenctr
spcewarl,spclaser
spcewars,invaders
spcforc2,spcforce
spcforce
spcfrcii
spcinv95
spcinvdj,spacedx
spcking2
spclaser
spclforc
spclorda,spclords
spclords
spcnv95u,spcinv95
spcpostn
spdball
spdbuggy
spdcoin
spdodgeb
speakres
spectar
spectar1,spectar
speedatk
speedbal
speedfrk
speedspn
spelnkrj,spelunkr
spelunk2
spelunkr
spf2t
spf2xj,spf2t
spiders
spiders2,spiders
spidey
spideyj,spidey
spiero,dorunrun
spiker
spinlbrj,spinlbrk
spinlbrk
spinlbru,spinlbrk
spinmast
splash
splat
splatter
splndrbt
spnchotj,spnchout
spnchout
spool3,pcktgal
spool3i,pcktgal
sprcros2
springer
sprint1
sprint2,sprint1
sprint2a,sprint1
sprint4
sprint4a,sprint4
sprint8
sprint8a,sprint8
sprtmtch,drgpunch
sptrekct,spacetrk
spy
spyhnt2a,spyhunt2
spyhunt
spyhunt2
spyu,spy
sqbert
sqixbl,superqix
squash
sranger,rranger
srangerb,rranger
srangerw,rranger
srdarwin
srdarwnj,srdarwin
srdmissn
srmp2
srmp3
srmp4
srmp4o,srmp4
srmp7
srumbler
srumblr2,srumbler
ssanchan,spatter
sscandal,myhero
ssf2
ssf2a,ssf2
ssf2ar1,ssf2
ssf2j,ssf2
ssf2jr1,ssf2
ssf2jr2,ssf2
ssf2t,ssf2
ssf2ta,ssf2
ssf2tb,ssf2
ssf2tbj,ssf2
ssf2tu,ssf2
ssf2tur1,ssf2
ssf2u,ssf2
ssf2xj,ssf2
sshangha
sshanghb,sshangha
sshooter
sshot137,shufshot
ssi
ssideki
ssideki2
ssideki3
ssideki4
sslam
ssmissin
ssoldier
ssonicbr
ssozumo
sspacaho
sspacat2,sspaceat
sspacatc,sspaceat
sspaceat
sspeedr
sspirits
sspring1,ssprint
ssprint
ssprint1,ssprint
ssprint3,ssprint
ssprintf,ssprint
ssprintg,ssprint
ssprints,ssprint
ssrdrabd,ssriders
ssrdrebc,ssriders
ssrdrebd,ssriders
ssrdrjbd,ssriders
ssrdruac,ssriders
ssrdrubc,ssriders
ssrdruda,ssriders
ssriders
ssrj
sss
sstingry
sstrangr
sstrike
sstriker,mahoudai
sstrngr2
stactics
stadhero
stagger1
stakwin
stakwin2
starblad
starcas
starcas1,starcas
starcase,starcas
starcasp,starcas
starcrus
starfigh
starfira,starfire
starfire
starforc
starfore,starforc
stargate
starglad
stargrds
starhawk
starjack
starjacs,starjack
starlstr
starshp1
starshpp,starshp1
starswep
startrek
starw,galxwars
starwar1,starwars
starwars
statriv2
stdragon
steelta1,steeltal
steeltag,steeltal
steeltal
steeltap,steeltal
stellcas,starcas
stfight,empcity
stg
stinger
stinger2,stinger
stkclmns
stlforce
stmblade
stocker
stoffy
stompin
stoneage,cninja
stoneba2,stonebal
stonebal
storming,lsasquad
strahl
strahla,strahl
stratab
stratab1,stratab
stratgys,stratgyx
stratgyx
stratof
stratvox,speakres
streakng
streets1,streetsm
streetsj,streetsm
streetsm
streetsw,streetsm
strhoop
strider
strider2
striderj,strider
stridr2a,strider2
stridrja,strider
stridrua,strider
strkforc
strkzone
strnskil
strtheat
strvmstr
stunrn2e,stunrun
stunrn3e,stunrun
stunrun
stunrun0,stunrun
stunrun2,stunrun
stunrun3,stunrun
stunrun4,stunrun
stunrun5,stunrun
stunrune,stunrun
stunrunj,stunrun
stunrunp,stunrun
subhunt,depthch
subroc3d
subs
sucasino
suikoenb
sundance
sunsetbl,ssriders
supbtime
supbtimj,supbtime
supdrapo
superbik
superbon
superbug
superchs
superg,galaxian
superinv,invaders
superman
superpac
superpcm,superpac
superqix
superspy
supertnk
supertr2
superx
superxm,superx
suprglob
suprleag
suprloco
suprmatk,missile
suprmous,funnymou
suprmrio
suprridr
suprslam
suprtrio
supxevs
surpratk
survarts
survival
sutapper,tapper
suzuk8h2
suzuk8hj,suzuka8h
suzuka8h
suzume
svcboot
svf
svolley
svolleyk,svolley
svolleyu,svolley
svolly91,pspikes
svs,svf
swarm,galaxian
swat
swatpolc
swcourt
swimmer
swimmera,swimmer
swimmerb,swimmer
sws92
sws92g,sws92
sws93
sws95
sws96
sws97
sws99
sxevious,xevious
sxyreact
syvalion
szaxxon
tacscan
tactcan2,tactcian
tactcian
tagteam,bigprowr
tail2nos
tailg
tangtang
tankbatt
tankbust
tankfrce
tankfrcj,tankfrce
tantr
tantrbl,tantr
tantrbl2,tantr
taotaida,taotaido
taotaido
tapper
tappera,tapper
targ
targc,targ
targeth
tattass
tattassa,tattass
taxidrvr
tazmani2,tazmania
tazmania
tbowl
tbowlj,tbowl
tbyahhoo
tceptor
tceptor2,tceptor
tdfever
tdfever2,tdfever
tdfeverj,tdfever
tdragon
tdragon2
tdragonb,tdragon
teamqb
teamqb2,teamqb
techromn
teddybb
teddybbo,teddybb
teedoff
teetert
tehkanwc
tekipaki
tekken
tekken2
tekken2a,tekken2
tekken2b,tekken2
tekken3
tekkena,tekken
tekkenb,tekken
tekkentt
teljan
telmahjn
tempest
tempest1,tempest
tempest2,tempest
tempest3,tempest
temptube,tempest
tengai
teplus2j,tetrisp2
term2
term2la1,term2
term2la2,term2
terracra,terracre
terracrb,terracre
terracre
terraf
terrafu,terraf
tetris
tetrisa,tetris
tetrisbl,tetris
tetrisp
tetrisp2
tetrist,tetris
tfrceac
tfrceacb,tfrceac
tfrceacj,tfrceac
tgm2
tgm2p,tgm2
tgmj
tgtball
tharierj,tharrier
tharrier
thedeep
theend
theends,theend
theglob,suprglob
theglob2,suprglob
theglob3,suprglob
theglobp,suprglob
thehand
thehustj,thehustl
thehustl
themj
thepit
theroes
thetogyu,bullfgt
thief
thndblst,lethalth
thnderxj,thunderx
thndfoxj,thundfox
thndfoxu,thundfox
thndrbdj,thndrbld
thndrbld
thndrx2
thndrx2a,thndrx2
thndzone
thoop
thoop2
thunderj
thunderl
thunderx
thundfox
thunt,sandor
tickee
tigerh
tigerh2,tigerh
tigerhb1,tigerh
tigerhb2,tigerh
tigerhj,tigerh
tigeroad
timber
timecrsa
timek131,timekill
timekill
timelimt
timeplt
timepltc,timeplt
timesol1,timesold
timesold
timetunl
timscanr
tinklpit
tinstar
tinv2650,sia2650
tiptop,congo
titlef
tkdensho
tkmmpzdm
tknight,wildfang
tkoboxng
tmek
tmekprot,tmek
tmht,tmnt
tmht2p,tmnt
tmmjprd
tmnt
tmnt2
tmnt22p,tmnt2
tmnt2a,tmnt2
tmnt2pj,tmnt
tmnt2po,tmnt
tmntj,tmnt
tmntu,tmnt
tndrcade
tndrcadj,tndrcade
tnexspce
tnk3
tnk3j,tnk3
tnzs
tnzs2,tnzs
tnzsb,tnzs
todruaga
todruago,todruaga
toffy
toggle
toki
tokia,toki
tokib,toki
tokij,toki
tokimbsj,tokyogal
tokio
tokiob,tokio
tokisens
tokiu,toki
tokkae
tokyogal
tomahaw5,tomahawk
tomahawk
tondemo
tontonb
toobin
toobin1,toobin
toobin2,toobin
toobin2e,toobin
toobine,toobin
toobing,toobin
topgun
topgunbl,jackal
topgunr,jackal
tophuntr
topland
topracer,polepos
topsecex
topsecrt,bionicc
topspedu,topspeed
topspeed
toramich,tigeroad
toratora
toride2g
tornbase
toryumon
totcarn
totcarnp,totcarn
touchgo
tourtab2,tourtabl
tourtabl
toutrun
toutruna,toutrun
toypop
tp2m32,tetrisp2
tp84
tp84a,tp84
tpgolf
trackflc,trackfld
trackfld
trally
tranqgun
transfrm
travrusa
trckydoc
treahunt,jack
tricktrp
trigon,lgtnfght
triothep
triplep
triplew1
triplew2
triplfun,oisipuzl
triplhnt
tripool
tripoola,tripool
trisport
triviabb
triviag1
triviag2
triviasp
triviayp
trivquiz
troangel
trog
trog3,trog
trogp,trog
trogpa6,trog
trojan
trojanj,trojan
trojanr,trojan
tron
tron2,tron
trstar
trstarj,trstar
trstaro,trstar
trstaroj,trstar
truco
truxton
truxton2
tryout
ts2
ts2j,ts2
tsamura2,tsamurai
tsamurai
tshingen
tshingna,tshingen
tshoot
tst_galx,galaxian
tst_invd,invaders
tstrike
ttmahjng
tturf
tturfbl,tturf
tturfu,tturf
tubeit,cachat
tubep
tugboat
tumblep
tumblep2,tumblep
tumblepb,tumblep
tumblepj,tumblep
tunhunt
tunhuntc,tunhunt
turbo
turboa,turbo
turbob,turbo
turbofrc
turbotag
turfmast
turpin,turtles
turtles
turtship
tutankhm
tutankst,tutankhm
twcup98
twinbee
twincobr
twincobu,twincobr
twineag2
twineagl
twinhawk
twinhwku,twinhawk
twinqix
twinspri
twocrude,cbuster
twotiger
twotigra,twotiger
tws96
typhoon,ajax
uballoon
uccops
uccopsar,uccops
uccopsj,uccops
uchuuai
uecology,ecofghtr
ufosensi
ultennis
ultraman
ultramhm
ultratnk
ultrax
umanclub
umk3,mk3
umk3r11,mk3
undoukai,fieldday
undrfire
undrfirj,undrfire
undrfiru,undrfire
uniwars
unsquad
untoucha
uopoko
upndown
upndownu,upndown
usclssic
usg185
usg252
usg32
usg82,usg83
usg83
usg83x,usg83
usvsthem
utoukond
valkyrie
valtric
vamphalf
vampj,dstlk
vampja,dstlk
vampjr1,dstlk
vandyjal,vandyke
vandyke
vangrd2
vangrdce,vanguard
vanguard
vanilla
vanvan
vanvank,vanvan
vaportra
vaportru,vaportra
varth
varthj,varth
varthu,varth
vasara
vasara2
vasara2a,vasara2
vastar
vastar2,vastar
vautour,phoenix
vball
vball2pj,vball
vblokbrk
vbowl
vbowlj,vbowl
vcircle
vendet2p,vendetta
vendetao,vendetta
vendetas,vendetta
vendetta
vendettj,vendetta
vendtaso,vendetta
venture
venture2,venture
venture4,venture
venus,gyruss
vf
vfive
vfkids
vfremix
vgoalsca,vgoalsoc
vgoalsoc
vhunt2
vhunt2r1,vhunt2
vhuntj,nwarr
vhuntjr1,nwarr
victlapw
victorba,victory
victory
victroad
videopin
viewpoin
vigilant
vigilntj,vigilant
vigilntu,vigilant
vimana
vimana1,vimana
vimanan,vimana
vindc2r1,vindctr2
vindc2r2,vindctr2
vindctr2
vindice3,vindictr
vindice4,vindictr
vindict1,vindictr
vindict2,vindictr
vindict4,vindictr
vindicte,vindictr
vindictg,vindictr
vindictr
viofight
viostorm
viostrma,viostorm
viostrmj,viostorm
viostrmu,viostorm
vipclub,orangec
viper
vitaminc
vmahjong
vmetal
volfied
volfiedj,volfied
volfiedu,volfied
vpool,hustler
vsav
vsav2
vsava,vsav
vsavh,vsav
vsavj,vsav
vsavu,vsav
vsbbalja,vsbball
vsbbaljb,vsbball
vsbball
vsbballj,vsbball
vsfdf
vsgongf
vsgradus
vsgshoe
vshoot
vsmahjng
vsnetscr
vspinbal
vspinblj,vspinbal
vsskykid
vsslalom
vssoccer
vstennis
vstetris
vsyard,yard
vsyard2,yard
vulcan
vulgus
vulgus2,vulgus
vulgusj,vulgus
wacko
wakuwak7
wallc
wallst
wanted
wardner
wardnerj,wardner
wargods
warlords
warofbug
warpwar2,warpwarp
warpwarp
warpwarr,warpwarp
warrior
warriorb
waterski
wb3
wb3a,wb3
wb3bl,wb3
wbdeluxe,wboy
wbeachvl
wbml
wbmlb,wbml
wbmljb,wbml
wbmljo,wbml
wbmlvc,wbml
wboy
wboy2,wboy
wboy2u,wboy
wboy3,wboy
wboyo,wboy
wboyu,wboy
wc90
wc90a,wc90
wc90b,wc90
wc90t,wc90
wcbowl
wcbwl12,wcbowl
wcbwl161,wcbowl
wcbwl165,wcbowl
wcvol95
wcvol95x,wcvol95
wecleman
welltris
weststry,bloodbro
wexpresb,exprraid
wexpresc,exprraid
wexpress,exprraid
wfortuna,wfortune
wfortune
wg3dh
wgp
wgp2,wgp
wgpj,wgp
wgpjoy,wgp
wgpjoya,wgp
wh1
wh1h,wh1
wh2
wh2j
whizquiz
whizz
whodunit
whoopee,pipibibs
whp
wildfang
willow
willowj,willow
willowje,willow
wilytowr
wingforc
winrun91
winspike
wintbob,snowbros
winterht
wiping
wiseguy,yamyam
wits
wiz
wizdfire
wizt,wiz
wjammers
wldcourt
wmatch
wndrmomo
wndrplnt
wof
wofa,wof
wofch
wofj,wof
wofu,wof
wolfpack
wonder3,3wonders
worldc94
worldwar,bermudat
wotw
wow
wpksoc
wrally
wrally2
wrallya,wrally
wrecking
wrestwar
wrofaero
ws
ws89,ws
ws90,ws
wseries
wsf
wtennis
wwester1,wwestern
wwestern
wwfmania
wwfsstar
wwfwfest
wwfwfsta,wwfwfest
wwfwfstj,wwfwfest
wwjgtin
xday2
xenophob
xevi3dg
xevios,xevious
xevious
xeviousa,xevious
xeviousb,xevious
xeviousc,xevious
xexex
xexexj,xexex
xfiles
xmcota
xmcotaa,xmcota
xmcotah,xmcota
xmcotaj,xmcota
xmcotaj1,xmcota
xmcotajr,xmcota
xmcotau,xmcota
xmen
xmen2p,xmen
xmen2pj,xmen
xmen6p,xmen
xmultipl
xmvsf
xmvsfa,xmvsf
xmvsfb,xmvsf
xmvsfh,xmvsf
xmvsfj,xmvsf
xmvsfjr1,xmvsf
xmvsfjr2,xmvsf
xmvsfu,xmvsf
xmvsfur1,xmvsf
xorworld
xsleena
xsleenab,xsleena
xxmissio
xybots
xybots0,xybots
xybots1,xybots
xybotsf,xybots
xybotsg,xybots
xyonix
yamagchi
yamato
yamato2,yamato
yamyam
yanchamr,kidniki
yankeedo,mrdo
yard
yarunara
yesnoj
yiear
yiear2,yiear
yokaidko,shadowld
yosakdon
youjyudn
youkaidk,shadowld
youma,ninjemak
yumefuda
yuyugogo
zaryavos
zarzon,satansat
zaviga
zavigaj,zaviga
zaxxon
zaxxon2,zaxxon
zaxxonb,zaxxon
zedblade
zektor
zerohour
zeropnt
zeropnt2
zeropnta,zeropnt
zerotime,galaxian
zerowing
zerozone
zigzag
zigzag2,zigzag
zingzip
zintrckb
znpwfv
zoar
zodiack
zombraid
zookeep
zookeep2,zookeep
zookeep3,zookeep
zunkyou
zupapa
zwackery
zzyzzyx2,zzyzzyxx
zzyzzyxx
